<?xml version="1.0" encoding="UTF-8"?>
<project-private xmlns="http://www.netbeans.org/ns/project-private/1">
    <editor-bookmarks xmlns="http://www.netbeans.org/ns/editor-bookmarks/2" lastBookmarkId="0"/>
    <open-files xmlns="http://www.netbeans.org/ns/projectui-open-files/2">
        <group>
            <file>file:/C:/Users/XinZhou/Documents/NetBeansProjects/Phishing_Website_Features/src/phishing_website_features/Phishing_Website_Features.java</file>
            <file>file:/C:/Users/XinZhou/Documents/NetBeansProjects/Phishing_Website_Features/nbproject/build-impl.xml</file>
            <file>file:/C:/Users/XinZhou/Documents/NetBeansProjects/Phishing_Website_Features/src/phishing_website_features/JenkinsHash.java</file>
            <file>file:/C:/Users/XinZhou/Documents/NetBeansProjects/Phishing_Website_Features/src/phishing_website_features/AlexaSEO.java</file>
        </group>
    </open-files>
</project-private>
